frame,x [nm],y [nm],confidence [a.u]
122,7423.512132644653,8064.724765777588,0.662109375
